"0","#################"
"0",""
"0","anyNA(testmerge44, recursive = TRUE)"
"1","[1]"
"1"," TRUE"
"1","
"
"0","anyNA(CRREL_SALCHA, recursive = TRUE)"
"1","[1]"
"1"," TRUE"
"1","
"
"0","CRREL_SALCHA <- CRREL_SALCHA %>% filter(datetimeAK <=""2021-09-30 14:30:00"")"
"0",""
"0",""
"0",""
"0",""
"0","CRREL_SALCHA %>% filter(datetimeAK >= ""2021-07-01 00:00:00"" & datetimeAK <= ""2021-07-30 00:00:00"" ) %>% ggplot(aes(x=solar.time)) + geom_line(aes(y=DO.sat.EAFB, colour= ""EAFB"")) + geom_line(aes(y = DO.sat.VAUL_to_Salcha, colour = 'VAUL Corrected for Salcha')) + geom_line(aes(y = DO.sat.EXO, colour = 'EXO')) + geom_line(aes(y = DO.sat.Elevation, colour = 'Elevation Only BP'))+"
"0","  labs(colour=""Datasets"", y = ""DO.sat (mg/L)"") "
