"0","library(ggpubr)"
"0","library(anytime)"
"0","library(googlesheets4)"
"0","library(ggpmisc)"
"0","library(plyr)"
"0","library(grid)"
"0","library(ggpubr)"
"0","library(anytime)"
"0","library(googlesheets4)"
"0","library(ggpmisc)"
"0","library(plyr)"
"0","library(dplyr)"
"0","library(lubridate)"
"0","library(tidyverse)"
"0","library(lubridate)"
"0","library(ggplot2)"
"0","library(scales)"
"0","library(zoo)"
"0","library(xts)"
"0","library(forecast)"
"0","library(googledrive)"
"0","library(streamMetabolizer)"
"0","library(readr)"
"0","library(here)"
"0","library(rstan)"
"0","library(imputeTS)"
"0","library(itsmr)"
"0","library(purrr)"
"0","library(naniar)"
"0","library(data.table)"
"0",""
